Date,Name,Year,Letterboxd URI,Rating
2022-02-16,Parasite,2019,https://boxd.it/hTha,5
2022-02-16,Joker,2019,https://boxd.it/h4cS,5
2022-02-16,Knives Out,2019,https://boxd.it/jWEA,5
2022-02-16,Pulp Fiction,1994,https://boxd.it/29Pq,5
2022-02-16,Inception,2010,https://boxd.it/1skk,5
2022-02-16,Spider-Man: Into the Spider-Verse,2018,https://boxd.it/azpY,5
2022-02-16,Midsommar,2019,https://boxd.it/jhxe,5
2022-02-16,Fight Club,1999,https://boxd.it/2a9q,5
2022-02-16,Get Out,2017,https://boxd.it/eOCm,5
2022-02-16,The Dark Knight,2008,https://boxd.it/2b0k,5
2022-02-16,Lady Bird,2017,https://boxd.it/dGNE,5
2022-02-16,Once Upon a Time… in Hollywood,2019,https://boxd.it/gH0O,5
2022-02-16,The Grand Budapest Hotel,2014,https://boxd.it/3ZqO,5
2022-02-16,Interstellar,2014,https://boxd.it/4VZ8,1
2022-02-16,La La Land,2016,https://boxd.it/a5fa,1
2022-02-16,Dune,2021,https://boxd.it/fA7G,5
2022-02-16,Avengers: Infinity War,2018,https://boxd.it/9vEe,5
2022-02-16,The Shining,1980,https://boxd.it/29Nu,5
2022-02-16,The Wolf of Wall Street,2013,https://boxd.it/3C1m,5
2022-02-16,Inglourious Basterds,2009,https://boxd.it/1JzG,1
2022-02-16,Avengers: Endgame,2019,https://boxd.it/9vE4,5
2022-02-16,Baby Driver,2017,https://boxd.it/bhF2,1
2022-02-16,Spider-Man: No Way Home,2021,https://boxd.it/nwRw,5
2022-02-16,Black Panther,2018,https://boxd.it/8MHs,5
2022-02-16,Gone Girl,2014,https://boxd.it/6hQu,5
2022-02-16,Whiplash,2014,https://boxd.it/7bQA,1
2022-02-16,Jojo Rabbit,2019,https://boxd.it/iEBG,5
2022-02-16,Spirited Away,2001,https://boxd.it/2b4m,5
2022-02-16,Her,2013,https://boxd.it/4O24,5
2022-02-16,The Social Network,2010,https://boxd.it/17ue,1
2022-02-16,The Matrix,1999,https://boxd.it/2a1m,5
2022-02-16,Eternal Sunshine of the Spotless Mind,2004,https://boxd.it/6YK,5
2022-02-16,Guardians of the Galaxy,2014,https://boxd.it/3VH2,5
2022-02-16,Arrival,2016,https://boxd.it/aNGk,1
2022-02-16,Little Women,2019,https://boxd.it/aSVk,5
2022-02-16,Django Unchained,2012,https://boxd.it/2cCk,1
2022-02-16,The Silence of the Lambs,1991,https://boxd.it/2aHW,5
2022-02-16,The Truman Show,1998,https://boxd.it/18U8,5
2022-02-16,Call Me by Your Name,2017,https://boxd.it/dYmm,5
2022-02-16,Mad Max: Fury Road,2015,https://boxd.it/2DjO,1
2022-02-16,Kill Bill: Vol. 1,2003,https://boxd.it/70w,5
2022-02-16,The Lighthouse,2019,https://boxd.it/icFU,5
2022-02-16,Scott Pilgrim vs. the World,2010,https://boxd.it/1Aq6,5
2022-02-16,Uncut Gems,2019,https://boxd.it/gXGc,1
2022-02-16,Spider-Man: Homecoming,2017,https://boxd.it/aboM,5
2022-02-16,Forrest Gump,1994,https://boxd.it/728,5
2022-02-16,Hereditary,2018,https://boxd.it/hNVe,1
2022-02-16,Thor: Ragnarok,2017,https://boxd.it/8MHi,5
2022-02-16,1917,2019,https://boxd.it/jj4y,5
2022-02-16,Se7en,1995,https://boxd.it/29zs,5
2022-02-16,The Godfather,1972,https://boxd.it/2aNK,5
2022-02-16,Soul,2020,https://boxd.it/ioLA,5
2022-02-16,Moonlight,2016,https://boxd.it/d6bE,1
2022-02-16,Black Swan,2010,https://boxd.it/Sw0,1
2022-02-16,Don't Look Up,2021,https://boxd.it/o0Hc,5
2022-02-16,American Psycho,2000,https://boxd.it/28Vs,5
2022-02-16,Dunkirk,2017,https://boxd.it/d0Y6,1
2022-02-16,Coco,2017,https://boxd.it/bYJQ,5
2022-02-16,Marriage Story,2019,https://boxd.it/hJAw,5
2022-02-16,Taxi Driver,1976,https://boxd.it/2b8y,1
2022-02-16,Spider-Man: Far From Home,2019,https://boxd.it/fegG,5
2022-02-16,Us,2019,https://boxd.it/gnV6,5
2022-02-16,Blade Runner 2049,2017,https://boxd.it/b8wK,1
2022-02-16,Star Wars,1977,https://boxd.it/72s,5
2022-02-16,The Avengers,2012,https://boxd.it/1xFW,5
2022-02-16,Deadpool,2016,https://boxd.it/9fOC,5
2022-02-16,The Lord of the Rings: The Fellowship of the Ring,2001,https://boxd.it/2b5O,5
2022-02-16,A Quiet Place,2018,https://boxd.it/fVJQ,5
2022-02-16,Inside Out,2015,https://boxd.it/4KHC,1
2022-02-16,Shutter Island,2010,https://boxd.it/1U82,1
2022-02-16,The Shawshank Redemption,1994,https://boxd.it/2aHi,1
2022-02-16,Star Wars: The Force Awakens,2015,https://boxd.it/4vru,1
2022-02-16,Tenet,2020,https://boxd.it/leq4,1
2022-02-16,Back to the Future,1985,https://boxd.it/2b8e,1
2022-02-16,Ratatouille,2007,https://boxd.it/27ww,5
2022-02-16,Drive,2011,https://boxd.it/IG,1
2022-02-16,The Empire Strikes Back,1980,https://boxd.it/27Vw,5
2022-02-16,Portrait of a Lady on Fire,2019,https://boxd.it/jkPq,5
2022-02-16,Guardians of the Galaxy Vol. 2,2017,https://boxd.it/8MxC,5
2022-02-16,Captain America: Civil War,2016,https://boxd.it/89Ja,1
2022-02-16,Doctor Strange,2016,https://boxd.it/8MH8,5
2022-02-16,It,2017,https://boxd.it/bC8e,5
2022-02-16,Up,2009,https://boxd.it/1OEc,5
2022-02-16,2001: A Space Odyssey,1968,https://boxd.it/2bf0,5
2022-02-16,No Country for Old Men,2007,https://boxd.it/21ew,1
2022-02-16,GoodFellas,1990,https://boxd.it/29FA,1
2022-02-16,Nightcrawler,2014,https://boxd.it/780m,1
2022-02-16,Iron Man,2008,https://boxd.it/28dA,5
2022-02-16,WALL·E,2008,https://boxd.it/1VEo,5
2022-02-16,Captain America: The Winter Soldier,2014,https://boxd.it/3r58,1
2022-02-16,Star Wars: The Last Jedi,2017,https://boxd.it/5xme,5
2022-02-16,The Shape of Water,2017,https://boxd.it/dZ5m,5
2022-02-16,Blade Runner,1982,https://boxd.it/2bcA,1
2022-02-16,Birdman or (The Unexpected Virtue of Ignorance),2014,https://boxd.it/5RFA,1
2022-02-16,Donnie Darko,2001,https://boxd.it/2b2A,5
2022-02-16,Zodiac,2007,https://boxd.it/27MO,5
2022-02-16,Ex Machina,2015,https://boxd.it/7T2k,1
2022-02-16,Harry Potter and the Prisoner of Azkaban,2004,https://boxd.it/29Qy,5
2022-02-16,BlacKkKlansman,2018,https://boxd.it/hxL8,5
2022-02-16,The Perks of Being a Wallflower,2012,https://boxd.it/2ZA8,5
2022-02-23,Jurassic Park,1993,https://boxd.it/2aA2,5
2022-02-23,Reservoir Dogs,1992,https://boxd.it/2agc,1
2022-02-23,Fantastic Mr. Fox,2009,https://boxd.it/1WyQ,5
2022-02-23,Toy Story,1995,https://boxd.it/29qA,5
2022-02-23,Black Widow,2021,https://boxd.it/hWV8,1
2022-02-23,Captain Marvel,2019,https://boxd.it/9vSA,1
2022-02-23,Alien,1979,https://boxd.it/2awY,5
2022-02-23,A Clockwork Orange,1971,https://boxd.it/2aVE,5
2022-02-23,Memento,2000,https://boxd.it/2bcK,5
2022-02-23,Spider-Man,2002,https://boxd.it/2a8i,5
2022-02-23,Titanic,1997,https://boxd.it/2a2k,5
2022-02-23,Harry Potter and the Philosopher's Stone,2001,https://boxd.it/29QS,5
2022-02-23,The Breakfast Club,1985,https://boxd.it/27q4,1
2022-02-23,The Incredibles,2004,https://boxd.it/1XLm,5
2022-02-23,Booksmart,2019,https://boxd.it/igNS,5
2022-02-23,The Lord of the Rings: The Return of the King,2003,https://boxd.it/2b5u,5
2022-02-23,Bohemian Rhapsody,2018,https://boxd.it/f1TK,5
2022-02-23,Avengers: Age of Ultron,2015,https://boxd.it/3qi6,1
2022-02-23,The Dark Knight Rises,2012,https://boxd.it/H3m,1
2022-02-23,Logan,2017,https://boxd.it/7Piy,1
2022-02-23,The Martian,2015,https://boxd.it/8SeG,1
2022-02-23,The French Dispatch,2021,https://boxd.it/jLP8,5
2022-02-23,The Suicide Squad,2021,https://boxd.it/fw6O,5
2022-02-23,Dead Poets Society,1989,https://boxd.it/2aSg,5
2022-02-23,Shang-Chi and the Legend of the Ten Rings,2021,https://boxd.it/kLDI,1
2022-02-23,Lost in Translation,2003,https://boxd.it/2b0E,5
2022-02-23,Good Will Hunting,1997,https://boxd.it/2ahY,5
2022-02-23,The Lord of the Rings: The Two Towers,2002,https://boxd.it/2b5E,5
2022-02-23,Rogue One: A Star Wars Story,2016,https://boxd.it/aPvy,1
2022-02-23,The Revenant,2015,https://boxd.it/8H5e,5
2022-02-23,Finding Nemo,2003,https://boxd.it/72i,5
2022-02-23,Moonrise Kingdom,2012,https://boxd.it/2Wng,5
2022-02-23,Psycho,1960,https://boxd.it/2ab2,5
2022-02-23,The Witch,2015,https://boxd.it/9X0m,5
2022-02-23,Star Wars: The Rise of Skywalker,2019,https://boxd.it/5xlK,1
2022-02-23,Fargo,1996,https://boxd.it/2aHM,1
2022-02-23,Spider-Man 2,2004,https://boxd.it/2a88,5
2022-02-23,The Big Lebowski,1998,https://boxd.it/2b6C,1
2022-02-23,Ant-Man,2015,https://boxd.it/3vmW,1
2022-02-23,My Neighbor Totoro,1988,https://boxd.it/20eA,5
2022-02-23,The Favourite,2018,https://boxd.it/d2hI,5
2022-02-23,There Will Be Blood,2007,https://boxd.it/20Z2,1
2022-02-23,Return of the Jedi,1983,https://boxd.it/27Vm,5
2022-02-23,Captain America: The First Avenger,2011,https://boxd.it/28b0,1
2022-02-23,"Monsters, Inc.",2001,https://boxd.it/2a46,5
2022-02-23,The Irishman,2019,https://boxd.it/dYOq,1
2022-02-23,The Hateful Eight,2015,https://boxd.it/8gw8,5
2022-02-23,The Lion King,1994,https://boxd.it/201Q,5
2022-02-23,John Wick,2014,https://boxd.it/7dEc,5
2022-02-23,Wonder Woman,2017,https://boxd.it/9roG,5
2022-02-23,Batman Begins,2005,https://boxd.it/2aIg,1
2022-02-23,The Prestige,2006,https://boxd.it/293w,5
2022-02-23,The Lobster,2015,https://boxd.it/7tnw,5
2022-02-23,American Beauty,1999,https://boxd.it/71Y,1
2022-02-23,Catch Me If You Can,2002,https://boxd.it/29VS,5
2022-02-23,10 Things I Hate About You,1999,https://boxd.it/23AO,5
2022-02-23,Promising Young Woman,2020,https://boxd.it/loRE,5
2022-02-23,Requiem for a Dream,2000,https://boxd.it/29VI,5
2022-02-23,Amélie,2001,https://boxd.it/2aUc,5
2022-02-23,"Three Billboards Outside Ebbing, Missouri",2017,https://boxd.it/ceBS,5
2022-02-23,Split,2016,https://boxd.it/dgSy,5
2022-02-23,The Departed,2006,https://boxd.it/28MA,1
2022-02-23,Mulholland Drive,2001,https://boxd.it/297o,5
2022-02-23,Prisoners,2013,https://boxd.it/4E5i,1
2022-02-23,"I, Tonya",2017,https://boxd.it/dzR0,5
2022-02-23,Schindler's List,1993,https://boxd.it/2aq2,5
2022-02-23,Harry Potter and the Chamber of Secrets,2002,https://boxd.it/29QI,5
2022-02-23,Harry Potter and the Goblet of Fire,2005,https://boxd.it/29Qo,5
2022-02-23,The Florida Project,2017,https://boxd.it/dMG0,5
2022-02-23,Harry Potter and the Deathly Hallows: Part 2,2011,https://boxd.it/1RYk,5
2022-02-23,Howl's Moving Castle,2004,https://boxd.it/23De,5
2022-02-23,Luca,2021,https://boxd.it/ipjC,5
2022-02-23,Incredibles 2,2018,https://boxd.it/7IPg,5
2022-02-23,Encanto,2021,https://boxd.it/kPRu,5
2022-02-23,Jaws,1975,https://boxd.it/2a5e,5
2022-02-23,Nomadland,2020,https://boxd.it/lnRy,1
2022-02-23,Shrek,2001,https://boxd.it/29zi,5
2022-02-23,Iron Man 3,2013,https://boxd.it/2cBQ,5
2022-02-23,Little Miss Sunshine,2006,https://boxd.it/29EW,5
2022-02-23,Avatar,2009,https://boxd.it/1Efm,5
2022-02-23,Deadpool 2,2018,https://boxd.it/dlLM,5
2022-02-23,Kill Bill: Vol. 2,2004,https://boxd.it/2au4,5
2022-02-23,Sound of Metal,2019,https://boxd.it/i7Q4,1
2022-02-23,Home Alone,1990,https://boxd.it/29Fg,5
2022-02-23,(500) Days of Summer,2009,https://boxd.it/1EmM,5
2022-02-23,Scream,1996,https://boxd.it/24EC,1
2022-02-23,A Star Is Born,2018,https://boxd.it/aXgc,5
2022-02-23,Isle of Dogs,2018,https://boxd.it/dZrW,1
2022-02-23,Eternals,2021,https://boxd.it/j36o,1
2022-02-23,Thor,2011,https://boxd.it/1WQU,5
2022-02-23,Pan's Labyrinth,2006,https://boxd.it/28No,5
2022-02-23,Ferris Bueller's Day Off,1986,https://boxd.it/1YPY,1
2022-02-23,Star Wars: Episode III - Revenge of the Sith,2005,https://boxd.it/27US,5
2022-02-23,Suicide Squad,2016,https://boxd.it/9row,5
2022-02-23,Superbad,2007,https://boxd.it/20hO,5
2022-02-23,Annihilation,2018,https://boxd.it/9yzm,1
2022-02-23,Zootopia,2016,https://boxd.it/84xS,5
2022-02-23,Toy Story 3,2010,https://boxd.it/1WRe,5
2022-02-23,Iron Man 2,2010,https://boxd.it/1WZM,5
2022-02-23,Léon: The Professional,1994,https://boxd.it/2b8S,1
